"date_03"	"cab_mon_03"	"pm10_03"	"nitric_oxi_03"	"nitro_diox_03"	"nitro_oxi_03"	"ozo_03"	"sul_diox_03"	"date_08"	"car_mon_08"	"pm10_08"	"nitric_oxi_08"	"nitro_diox_08"	"nitro_oxi_08"	"ozo_08"	"sul_diox_08"
"01/01/2003"	"NA"	19.4166666667	15.9130434783	24.1304347826	48.347826087	19.9130434783	3.0869565217	"01/01/2008"	0.2086956522	33.5416666667	7.8695652174	33.1304347826	44.9565217391	14.6086956522	0.4782608696
"01/02/2003"	"NA"	19.75	15.0833333333	41.2083333333	64.1666666667	31.6666666667	7.5416666667	"01/02/2008"	0.1125	7.4583333333	3.8333333333	14.5	20.3333333333	62.0833333333	2.5
"01/03/2003"	0.4416666667	20.8333333333	9.75	30.25	45.1666666667	46.9166666667	2.4166666667	"01/03/2008"	0.1	7.9166666667	3.5416666667	14.125	19.5	96.3333333333	3
"01/04/2003"	0.5958333333	29.0833333333	9.7826086957	37.1739130435	51.9130434783	61.8333333333	7.0416666667	"01/04/2008"	0.1291666667	13.6666666667	4.9565217391	14.3913043478	22.1304347826	87.8333333333	5.75
"01/05/2003"	0.3458333333	"NA"	8.3913043478	52.7391304348	65.3913043478	57.6666666667	7.3333333333	"01/05/2008"	0.1916666667	15.2083333333	10.3043478261	37.347826087	52.9130434783	64.0833333333	3.5833333333
"01/06/2003"	0.2666666667	32.0833333333	4.9130434783	17.5652173913	24.9565217391	85.8333333333	"NA"	"01/06/2008"	0.2	16.1666666667	1.8636363636	7	9.5	115.5833333333	2.25
"01/07/2003"	0.1166666667	17.2083333333	2.8333333333	16	20.125	91.5833333333	4.875	"01/07/2008"	0.1125	27.5833333333	7.8695652174	23.347826087	35	89.5	2.7916666667
"01/08/2003"	0.125	17.7083333333	10.5833333333	18.375	34.25	43	10.2083333333	"01/08/2008"	0.1625	19.6666666667	12	20.9130434783	38.9565217391	64.25	4.3333333333
"01/09/2003"	0.2041666667	17.0833333333	3.6666666667	19.5	24.7083333333	43.5833333333	1.75	"01/09/2008"	0.1875	12	9.1304347826	21.5217391304	35.3043478261	40.5833333333	4.25
"01/10/2003"	0.0833333333	37.2916666667	10.7083333333	25.5	41.5833333333	37.75	10.5416666667	"01/10/2008"	0.1041666667	5.875	4.5	18.6666666667	25.5416666667	54.0833333333	3.125
"01/11/2003"	0.1375	21.2083333333	12.5	25.0416666667	44.25	35.3333333333	1.625	"01/11/2008"	0.1458333333	11.1666666667	4	13.5	19.1666666667	64.3333333333	2.125
"01/12/2003"	0.05	22.2916666667	14.0416666667	36.7083333333	57.7083333333	13.4166666667	4.0833333333	"01/12/2008"	0.1666666667	11.8333333333	8.9166666667	28.125	41.5416666667	42.0833333333	3.4166666667
"02/01/2003"	"NA"	20.25	23.125	31.375	66.4583333333	23.1666666667	4.5	"02/01/2008"	0.225	23.8333333333	4.375	22.5833333333	29.25	41.5	2.125
"02/02/2003"	"NA"	13.5833333333	5.1666666667	25.7916666667	33.5833333333	55.25	6.7916666667	"02/02/2008"	0.2333333333	9.4166666667	7.9166666667	27.7083333333	39.5	45.5833333333	3.4166666667
"02/03/2003"	0.5041666667	18.4166666667	6.4166666667	30.125	39.7083333333	49.1666666667	0.7083333333	"02/03/2008"	0.1	12.25	2.7083333333	11.125	14.8333333333	101	2.625
"02/04/2003"	0.425	25	5.8260869565	16.0869565217	25.1304347826	75.5833333333	2.125	"02/04/2008"	0.2	15.125	3.3636363636	25.0454545455	30	91.5	3
"02/05/2003"	0.3333333333	"NA"	13.347826087	54.8260869565	75.2173913043	45.0833333333	3.2916666667	"02/05/2008"	0.2541666667	22.7916666667	16.9565217391	37.652173913	63.347826087	52.6666666667	5.625
"02/06/2003"	0.2434782609	32.3333333333	15.347826087	34.3043478261	57.7391304348	46.4166666667	"NA"	"02/06/2008"	0.2130434783	35.652173913	11.5454545455	29.7727272727	47.2727272727	75.7391304348	4.652173913
"02/07/2003"	0.0916666667	19.625	7.2083333333	13.2083333333	24.0833333333	69.3333333333	3.75	"02/07/2008"	0.1833333333	18.875	12.5652173913	26.9130434783	46.0434782609	56.8333333333	4.0416666667
"02/08/2003"	0.0708333333	25.7083333333	6.75	18.25	28.5416666667	58.3333333333	10.0833333333	"02/08/2008"	0.1166666667	9.7083333333	6.652173913	16.8260869565	26.652173913	58.8333333333	2.7916666667
"02/09/2003"	0.1875	26.8333333333	14.8333333333	37.1666666667	59.7916666667	30.5833333333	11.7083333333	"02/09/2008"	0.1375	11.0416666667	10.4347826087	28.6956521739	44.4347826087	41.8333333333	3
"02/10/2003"	0.0476190476	19.5555555556	7.2857142857	23.0952380952	34.1428571429	48.2857142857	6.4761904762	"02/10/2008"	0.1	6.2083333333	5.2083333333	25.25	33.1666666667	45	0.7083333333
"02/11/2003"	0.025	13.75	6.5833333333	18.125	27.75	44	8.0833333333	"02/11/2008"	0.1041666667	14.9583333333	3.5	10.0833333333	15.8333333333	59.4166666667	1
"02/12/2003"	0.3333333333	34.625	70.2916666667	49.625	156.6666666667	2.0833333333	9.625	"02/12/2008"	0.15	14.25	18.2916666667	49.0833333333	76.9583333333	26.1666666667	4.6666666667
"03/01/2003"	"NA"	15.875	7.5833333333	25.375	36.8333333333	53.1666666667	3.125	"03/01/2008"	0.2291666667	21.0833333333	7.625	27.0833333333	38.6666666667	34.0833333333	1.25
"03/02/2003"	"NA"	12.5416666667	9.75	24.6666666667	39.3333333333	55.6666666667	8.7083333333	"03/02/2008"	0.1	9.2083333333	2.75	7.625	11.4583333333	64.6666666667	0.125
"03/03/2003"	0.6625	41.6666666667	34.375	52.25	104.4583333333	22.4166666667	7.2916666667	"03/03/2008"	0.1416666667	7.375	6.375	26.5833333333	36.0416666667	71	3.625
"03/04/2003"	0.519047619	31.8	9.2631578947	37.7894736842	51.8421052632	45.6363636364	5.1904761905	"03/04/2008"	0.1791666667	24.2173913043	11	40.8260869565	57.4347826087	43.4166666667	3.5833333333
"03/05/2003"	0.2041666667	"NA"	6.8695652174	36.7391304348	47	72.1666666667	3.5	"03/05/2008"	0.1666666667	34.7916666667	8.3913043478	28.9565217391	41.347826087	72	4.9166666667
"03/06/2003"	0.2791666667	36.5	13.3043478261	29.347826087	49.652173913	48.4166666667	"NA"	"03/06/2008"	0.1791666667	18.0416666667	3.1304347826	18.652173913	23.3043478261	82.9166666667	2.75
"03/07/2003"	0.175	23.3333333333	7.4166666667	20.9583333333	32.0833333333	43.6666666667	2.625	"03/07/2008"	0.2086956522	17.0909090909	9.2727272727	26.3636363636	40.3181818182	56.347826087	3.347826087
"03/08/2003"	0.1	30.5	3.9	15.9	21.8	69	11.7916666667	"03/08/2008"	0.1166666667	10.25	2.3043478261	15.3043478261	18.8695652174	70.8333333333	4.5833333333
"03/09/2003"	0.125	22.5	7.9166666667	31.4166666667	43.3333333333	27.75	6.5416666667	"03/09/2008"	0.1791666667	10.875	11.6956521739	30.8695652174	48.652173913	34.1666666667	5.625
"03/10/2003"	0.0375	21.5652173913	12	29.6666666667	47.6666666667	35.3333333333	4.25	"03/10/2008"	0.1	8.4166666667	3	17	21.3333333333	52.6666666667	0.125
"03/11/2003"	0.0375	25.7083333333	12.7083333333	38.75	58.0833333333	30.4166666667	22.5	"03/11/2008"	0.225	24.5416666667	9.4166666667	25.7083333333	40.0416666667	37	3.3333333333
"03/12/2003"	0.1708333333	43.625	25.3333333333	27.2083333333	65.5416666667	11.25	10.5416666667	"03/12/2008"	0.2333333333	15.0416666667	19.7916666667	46.9583333333	77.0833333333	31.5	3.2916666667
"04/01/2003"	"NA"	16.9166666667	8.4583333333	32.4583333333	45.3333333333	35.4166666667	5.2083333333	"04/01/2008"	0.275	30.8333333333	12.625	37	56.2916666667	15.75	3.625
"04/02/2003"	"NA"	13.4583333333	4.2916666667	16.0416666667	22.2916666667	63.4166666667	3.1666666667	"04/02/2008"	0.1541666667	12.8333333333	14.75	40.3333333333	62.7916666667	33.75	3.875
"04/03/2003"	0.3666666667	24.0833333333	16.4166666667	30.0416666667	54.9166666667	27.3333333333	1.0416666667	"04/03/2008"	0.2708333333	8.9166666667	2.625	19.0833333333	23.2083333333	76.8333333333	2.25
"04/04/2003"	0.3260869565	26.4166666667	5.15	19.3	27	60.1739130435	3.3157894737	"04/04/2008"	0.1916666667	22.75	7.4	27.75	38.95	54.9166666667	4.5
"04/05/2003"	0.2416666667	"NA"	6.347826087	28.9565217391	38.5217391304	92.3333333333	2.0833333333	"04/05/2008"	0.2041666667	52.75	5.1739130435	32.8260869565	40.6086956522	66.3333333333	4.75
"04/06/2003"	0.2833333333	22.375	11.3043478261	27.6956521739	44.7391304348	46.4166666667	"NA"	"04/06/2008"	0.1875	22.7916666667	7.0434782609	29.7391304348	40.5217391304	56.25	4.4166666667
"04/07/2003"	0.2083333333	33.9166666667	11.4583333333	28.2083333333	45.5416666667	35.25	5.375	"04/07/2008"	0.2041666667	14.7083333333	11.6956521739	23.3043478261	41.0434782609	59.3333333333	7.2916666667
"04/08/2003"	0.1291666667	38.0434782609	"NA"	"NA"	"NA"	67.6666666667	12.375	"04/08/2008"	0.1791666667	11.5416666667	8.5217391304	23.2608695652	36.1304347826	47.75	4.375
"04/09/2003"	0.22	39.8	27.0526315789	33.4210526316	74.5263157895	36	8.35	"04/09/2008"	0.175	15.8333333333	19.3913043478	34.652173913	64.1739130435	26.5	10.2083333333
"04/10/2003"	0	13.875	3.2916666667	6.5833333333	11.1666666667	52.3333333333	1.3333333333	"04/10/2008"	0.1041666667	10.0416666667	9.9583333333	30.7083333333	45.5416666667	31.75	5.0416666667
"04/11/2003"	0.1041666667	34.0833333333	23.7916666667	40.1666666667	76.1666666667	18.4166666667	10.0416666667	"04/11/2008"	0.1208333333	18.2916666667	7.4583333333	22.375	33.5833333333	47.9166666667	1.625
"04/12/2003"	0.1958333333	31.5416666667	20.3333333333	34.7916666667	65.6666666667	25.25	7.4583333333	"04/12/2008"	0.1375	14.0416666667	13.6666666667	49.1666666667	69.9166666667	25.0833333333	7.5
"05/01/2003"	"NA"	16.375	8.9583333333	34.0416666667	47.6666666667	30.3333333333	6.1666666667	"05/01/2008"	0.2043478261	14.7391304348	8.9130434783	38.4347826087	51.7391304348	34.9565217391	2.0869565217
"05/02/2003"	"NA"	21.0833333333	8.7083333333	30.5416666667	43.375	44	4.6666666667	"05/02/2008"	0.13125	7.7142857143	5.9375	27.5	36.625	47.625	4.25
"05/03/2003"	0.4708333333	20.875	17.2916666667	46.2916666667	72.4583333333	36.3333333333	5.4583333333	"05/03/2008"	0.5416666667	16.375	18.0416666667	49.8333333333	77.2083333333	45.0833333333	9.9166666667
"05/04/2003"	0.4	16.125	5.3913043478	15.7826086957	24.3913043478	74.6666666667	6	"05/04/2008"	0.2	7.2916666667	"NA"	"NA"	"NA"	101.3333333333	3
"05/05/2003"	0.2041666667	"NA"	6.347826087	33.9565217391	43.5652173913	78.3333333333	3.0416666667	"05/05/2008"	0.1875	43.6086956522	6.4782608696	23.7391304348	33.3913043478	77.5	3.8333333333
"05/06/2003"	0.2333333333	22.375	11.5217391304	29.4782608696	46.8260869565	52.9166666667	"NA"	"05/06/2008"	0.1608695652	28.2916666667	10.2272727273	33.1363636364	48.6363636364	66.6086956522	5.6956521739
"05/07/2003"	0.1583333333	25.75	7.6666666667	21.875	33.4166666667	41.4166666667	3.3333333333	"05/07/2008"	0.15	15.625	6.2608695652	18.3043478261	27.7826086957	71.25	2.1666666667
"05/08/2003"	0.1083333333	37.0416666667	"NA"	"NA"	"NA"	66.75	6.4583333333	"05/08/2008"	0.125	18.125	13.6956521739	24.9565217391	45.8695652174	29	3.7916666667
"05/09/2003"	0.1958333333	38.0833333333	13.7083333333	48.5416666667	69.4583333333	38.3333333333	12.5	"05/09/2008"	0.1333333333	15.125	12.6956521739	27.652173913	46.9130434783	32.8333333333	2.875
"05/10/2003"	0	9.4583333333	4.25	15.625	21.5	50.6666666667	6.4166666667	"05/10/2008"	0.1	7.6956521739	0.8333333333	10.875	12.4166666667	64.5833333333	0.6818181818
"05/11/2003"	0.0625	30.875	15.0833333333	33.7916666667	56.5833333333	20.6666666667	2.75	"05/11/2008"	0.1416666667	35.375	4.4583333333	24.875	31.6666666667	45.5833333333	3.5
"05/12/2003"	0.7333333333	40.3333333333	131.3333333333	41.75	242.2916666667	3.4166666667	19.7083333333	"05/12/2008"	0.1666666667	16.2083333333	26.875	53.2916666667	94.0416666667	12.6666666667	4.5416666667
"06/01/2003"	"NA"	24.9166666667	12.875	37.625	57.4166666667	48.5	4.75	"06/01/2008"	0.15	13.7222222222	"NA"	"NA"	"NA"	34.6666666667	8.5555555556
"06/02/2003"	"NA"	34.9090909091	36.2727272727	62	117.5	4.6363636364	19	"06/02/2008"	0.1333333333	8.6666666667	8	32.6666666667	44.7916666667	42.6666666667	2.7083333333
"06/03/2003"	0.6136363636	30.3636363636	16.2727272727	51	75.5909090909	25.3636363636	14.6818181818	"06/03/2008"	0.1833333333	11.4166666667	6.875	34.5833333333	45	67.75	2.0833333333
"06/04/2003"	0.4166666667	14.5	5.6086956522	12.8695652174	21.6086956522	80.9166666667	3.0416666667	"06/04/2008"	0.1	6.75	"NA"	"NA"	"NA"	100.8888888889	2.6666666667
"06/05/2003"	0.1916666667	"NA"	8.6086956522	47.8260869565	60.7391304348	53	7.5833333333	"06/05/2008"	0.1583333333	40	8.3043478261	31.2173913043	43.5217391304	81.9166666667	3.75
"06/06/2003"	0.3208333333	17.9166666667	13.2173913043	29.2608695652	49.0869565217	43.4166666667	10.1818181818	"06/06/2008"	0.2083333333	26.0416666667	7.2173913043	25.1304347826	35.8260869565	69	3.125
"06/07/2003"	0.1583333333	19.5	5.625	28.2916666667	36.6666666667	43.25	9.375	"06/07/2008"	0.1125	10.0416666667	5.1304347826	12.4782608696	19.8695652174	70.25	3.8333333333
"06/08/2003"	0.1041666667	54.2083333333	"NA"	"NA"	"NA"	66	7.5	"06/08/2008"	0.1583333333	17.4583333333	14.1739130435	23.347826087	44.7826086957	25.8333333333	2.7083333333
"06/09/2003"	0.1083333333	18.4166666667	3.9166666667	29.25	35	48.1666666667	3.5833333333	"06/09/2008"	0.1208333333	9.8333333333	4.8695652174	23.7826086957	30.8695652174	40.5	2.25
"06/10/2003"	0.0208333333	17.3333333333	6.625	16.7916666667	26.4583333333	53.6666666667	2.8333333333	"06/10/2008"	0.1458333333	17.75	30.875	34.2916666667	81.2916666667	28.6666666667	3.6666666667
"06/11/2003"	0.3416666667	57.2083333333	52.4166666667	43.9166666667	123.625	3.1666666667	22.875	"06/11/2008"	0.1714285714	20.6818181818	26.5	30.75	71.0416666667	14.7826086957	4.1666666667
"06/12/2003"	0.0608695652	25	4.2608695652	19.6086956522	26.2173913043	57.8260869565	3.1739130435	"06/12/2008"	0.1541666667	13.5	8	29.8333333333	41.9166666667	38	2.2916666667
"07/01/2003"	"NA"	33.5	33.7083333333	54.2083333333	105.5	32.4166666667	8.7916666667	"07/01/2008"	0.1291666667	8.7083333333	"NA"	"NA"	"NA"	44.5833333333	3.7083333333
"07/02/2003"	"NA"	30.125	27.875	56.5416666667	99.1666666667	11.5	8.3333333333	"07/02/2008"	0.1458333333	11.875	15.125	46.2083333333	69.375	21.4166666667	1.0416666667
"07/03/2003"	0.3916666667	19.2083333333	9.6666666667	32	46.6666666667	42.8333333333	2.2916666667	"07/03/2008"	0.1125	8.9166666667	8.0833333333	28.625	40.75	67.8333333333	4.4583333333
"07/04/2003"	0.3416666667	25.7916666667	8.5217391304	19.6956521739	32.6956521739	77.1666666667	3.5833333333	"07/04/2008"	0.2333333333	11.4166666667	"NA"	"NA"	"NA"	51.3333333333	3
"07/05/2003"	0.3958333333	"NA"	11.8260869565	57.3043478261	75.1304347826	45.9166666667	11.75	"07/05/2008"	0.1791666667	39.652173913	7.0434782609	31.9565217391	42.7391304348	97.0833333333	2.9166666667
"07/06/2003"	0.2333333333	28.5	6.347826087	26.6086956522	35.8695652174	68.8333333333	6.7916666667	"07/06/2008"	0.2	28.4166666667	2.7391304348	10.2608695652	13.7391304348	105.8333333333	1
"07/07/2003"	0.2826086957	30.8260869565	20.7826086957	38.9130434783	70.3913043478	28.347826087	12.9565217391	"07/07/2008"	0.2125	14.2916666667	14.652173913	28.7391304348	51.0869565217	45.6666666667	4.2916666667
"07/08/2003"	0.1125	39.0833333333	1.25	5.5	7.625	79.75	4.8333333333	"07/08/2008"	0.1739130435	14.4285714286	13.7272727273	17.2272727273	37.8181818182	36.347826087	2.4782608696
"07/09/2003"	0.1125	17.0416666667	7.0833333333	21.5416666667	32.2083333333	37.4166666667	4.4166666667	"07/09/2008"	0.1875	17.0833333333	1.1739130435	4.7391304348	6.9130434783	76.75	2.0833333333
"07/10/2003"	0	15.75	3.375	10.75	15.4166666667	60.3333333333	0	"07/10/2008"	0.1	11.7083333333	6.4583333333	21.4166666667	31.1666666667	42.5833333333	3.25
"07/11/2003"	0.1416666667	35.9166666667	36.25	45.7916666667	101.0833333333	10.3333333333	10.1666666667	"07/11/2008"	"NA"	19.0434782609	17.8260869565	38.1739130435	65.2173913043	21.5652173913	2.8695652174
"07/12/2003"	0.2833333333	26.125	27.4583333333	38.9583333333	80.75	40.25	5.3333333333	"07/12/2008"	0.1541666667	22.75	27.4166666667	50.8333333333	92.7083333333	9.25	6.5416666667
"08/01/2003"	"NA"	25.5833333333	29.25	52.2083333333	96.8333333333	28.5	5.2083333333	"08/01/2008"	0.1608695652	12.1304347826	5.0833333333	32.0833333333	40	40.2608695652	3.3913043478
"08/02/2003"	"NA"	20.0833333333	10.7083333333	33.375	49.5	37.5	7	"08/02/2008"	0.1458333333	16.5833333333	17.125	45.0416666667	71.2083333333	23.4166666667	3.875
"08/03/2003"	0.4291666667	19.25	8.625	29.5833333333	42.75	55.3333333333	5.4583333333	"08/03/2008"	0.1666666667	8.9583333333	5.9166666667	30.6666666667	39.5	63.5833333333	3.2916666667
"08/04/2003"	0.5916666667	22.5	11.9565217391	28.7826086957	46.9130434783	67.4166666667	4.625	"08/04/2008"	0.1958333333	20.0416666667	"NA"	"NA"	"NA"	44	3.375
"08/05/2003"	0.2625	"NA"	6.6956521739	37.8695652174	47.7826086957	72.25	4.2916666667	"08/05/2008"	0.1956521739	44.8636363636	7.5909090909	29.2272727273	40.3181818182	91.3913043478	3
"08/06/2003"	0.1916666667	17.1666666667	5.7391304348	17	25.5217391304	69.75	3.4583333333	"08/06/2008"	0.1916666667	23.875	2.3913043478	14	17.4347826087	114.5833333333	3.0833333333
"08/07/2003"	0.125	13.875	4.75	20.125	27.625	56.25	3.25	"08/07/2008"	0.1125	12.7083333333	10.7391304348	22.6086956522	38.8260869565	52.5833333333	6.875
"08/08/2003"	0.1083333333	33.375	2.625	13.4166666667	17.5833333333	95.9166666667	4.25	"08/08/2008"	0.1875	9.1666666667	3.1739130435	9.3913043478	13.7826086957	66.25	2.375
"08/09/2003"	0.1708333333	21.9166666667	11.2083333333	33.2083333333	50	30.5833333333	8.8333333333	"08/09/2008"	0.1	16.1666666667	8.8260869565	29.652173913	42.9130434783	36.9166666667	3.1666666667
"08/10/2003"	0.0375	21.5	12.4166666667	19.75	38.3333333333	38.4166666667	4.5416666667	"08/10/2008"	0.1	11.3333333333	7.0416666667	27.4166666667	38.2083333333	45.0833333333	1.4166666667
"08/11/2003"	0.0208333333	30.6666666667	7.0833333333	24.7083333333	35.25	30.5833333333	5	"08/11/2008"	"NA"	13	4.5833333333	14.3333333333	21.0833333333	56.6666666667	0.125
"08/12/2003"	0.4458333333	37.9166666667	68.0416666667	48.3333333333	152.1666666667	4.5833333333	20.9166666667	"08/12/2008"	0.1958333333	22.7083333333	29.9583333333	48.5833333333	94.4166666667	18.1666666667	4.9583333333
"09/01/2003"	"NA"	22.375	16.5	46.5416666667	71.3333333333	36.4166666667	4.5416666667	"09/01/2008"	0.2041666667	10.5833333333	9.3333333333	38.125	52.2083333333	41.5833333333	5.4166666667
"09/02/2003"	"NA"	14.1666666667	5.9166666667	22.9583333333	31.7916666667	46.75	3.5833333333	"09/02/2008"	0.225	18.5416666667	22.0833333333	53.7083333333	87.2083333333	9.25	3.5416666667
"09/03/2003"	0.2458333333	39.5416666667	5.7916666667	19	27.7083333333	71.0833333333	10.5	"09/03/2008"	0.2333333333	8.5	3.4166666667	23.875	28.9166666667	69.8333333333	4.0833333333
"09/04/2003"	0.5875	23.3333333333	7.5217391304	21.5217391304	32.9130434783	67.6666666667	5.2916666667	"09/04/2008"	0.1375	22.875	"NA"	"NA"	"NA"	46.75	6.7083333333
"09/05/2003"	0.3791666667	"NA"	14.652173913	61.6956521739	83.9130434783	48.9166666667	7.7083333333	"09/05/2008"	0.175	44.5416666667	8.5652173913	42.3043478261	55.2608695652	95.25	4.5833333333
"09/06/2003"	0.2791666667	21.25	9.3913043478	27.1739130435	41.3043478261	57.0833333333	10.5416666667	"09/06/2008"	0.1458333333	29.7916666667	9.0869565217	29	42.652173913	58.3333333333	7.5
"09/07/2003"	0.17	21.85	7.05	23.1	33.7	52.7	5.9	"09/07/2008"	0.1791666667	12.625	9.4347826087	22.5652173913	36.6956521739	49.9166666667	3.5416666667
"09/08/2003"	0.1041666667	36.1666666667	3.2083333333	18.4166666667	23.4166666667	81.3333333333	4.0416666667	"09/08/2008"	0.1291666667	11.0416666667	10.1739130435	11.347826087	26.9130434783	42.4166666667	3.1666666667
"09/09/2003"	0.1208333333	16.125	12.4583333333	20.7083333333	39.3333333333	30.5	3.875	"09/09/2008"	0.1125	14.625	7.347826087	30.3913043478	41.6086956522	42.8333333333	3.5
"09/10/2003"	0.0083333333	18.9166666667	11.7083333333	29.3333333333	47.0833333333	31.3333333333	15.125	"09/10/2008"	0.1416666667	20.9166666667	26.1666666667	45.0416666667	84.5	22.3333333333	6.0416666667
"09/11/2003"	0.1125	35.7916666667	11.5	28.8333333333	46.1666666667	11.8333333333	5.7916666667	"09/11/2008"	"NA"	6.9166666667	3.9583333333	15.3333333333	21.2083333333	68.4166666667	3.5416666667
"09/12/2003"	0.3416666667	34.1666666667	78.5	41.9166666667	161.8333333333	3.4166666667	10.3043478261	"09/12/2008"	0.1	13.8333333333	7.5	32.0833333333	43.375	41.4166666667	2.25
"10/01/2003"	"NA"	20.5	11.0833333333	32	48.75	43.8333333333	5.125	"10/01/2008"	0.1791666667	11.9166666667	12.5	33.9166666667	52.5416666667	42.3333333333	1.4583333333
"10/02/2003"	"NA"	27.9583333333	33	46.5416666667	96.7083333333	14.75	4.3636363636	"10/02/2008"	0.6	29.625	65.0833333333	65.4166666667	164.7083333333	5.3333333333	6.9583333333
"10/03/2003"	0.2416666667	41.875	10.2083333333	30.4583333333	45.625	52.4166666667	14.9166666667	"10/03/2008"	0.1142857143	7.125	6.0476190476	27.4285714286	36.5238095238	78.0952380952	2.8095238095
"10/04/2003"	0.4458333333	26.7083333333	6	23.0869565217	32.0869565217	69.4166666667	4.3333333333	"10/04/2008"	0.2	26.7916666667	"NA"	"NA"	"NA"	51.2173913043	4.0454545455
"10/05/2003"	0.3041666667	"NA"	10.8260869565	47.2173913043	63.652173913	54.5	5.7916666667	"10/05/2008"	0.2	65.9583333333	3.8695652174	31	36.4347826087	94.0833333333	4.6666666667
"10/06/2003"	0.2416666667	23.7916666667	9.2608695652	33.3913043478	47.4347826087	53.1666666667	19.5	"10/06/2008"	0.1541666667	13.3333333333	2.9130434783	8.0434782609	11.7391304348	82	3
"10/07/2003"	0.2	31.380952381	15.8571428571	25.2380952381	49.2380952381	35.9047619048	13.0952380952	"10/07/2008"	0.1791666667	12.875	13.0869565217	28	47.8260869565	41.5	4.375
"10/08/2003"	0.1125	39.9583333333	3.5833333333	17.5	23.0833333333	83.25	12.0416666667	"10/08/2008"	0.2	8.7916666667	4.0434782609	8.1739130435	14	55.9166666667	3.25
"10/09/2003"	0.1291666667	16.625	8.2916666667	29.5	42.0833333333	35.5833333333	3.7916666667	"10/09/2008"	0.2	11.9166666667	12.652173913	27.0434782609	46.1739130435	47.3333333333	2.2083333333
"10/10/2003"	0.0083333333	28.7083333333	7.7083333333	29.625	41.1666666667	44.75	1.9583333333	"10/10/2008"	0.1	12.2916666667	14.375	37.4583333333	59.375	34.1666666667	4.0833333333
"10/11/2003"	0.2083333333	32.4583333333	27.4583333333	44.5833333333	86.25	10.25	8.4166666667	"10/11/2008"	"NA"	9.1666666667	11.9166666667	38.5416666667	56.5416666667	47.9166666667	2.4166666667
"10/12/2003"	0.9541666667	40.625	134.0833333333	42.2083333333	247.2083333333	2.3333333333	14.1666666667	"10/12/2008"	0.1	7.7083333333	5.9583333333	22.0833333333	30.9166666667	48.6666666667	0.25
"11/01/2003"	"NA"	36.8333333333	69.2083333333	59.2083333333	164.7916666667	4.75	4.4166666667	"11/01/2008"	0.3958333333	19.4166666667	37.9583333333	41.25	99.1666666667	28.2608695652	4.7916666667
"11/02/2003"	"NA"	31.5	20.75	46.5416666667	78.2083333333	15	7	"11/02/2008"	0.2714285714	24.3333333333	57.3333333333	51.4444444444	138.6666666667	2.2222222222	1.2222222222
"11/03/2003"	0.4125	25.875	8.375	27.0416666667	39.625	53	9.4583333333	"11/03/2008"	"NA"	8.7083333333	"NA"	"NA"	"NA"	"NA"	"NA"
"11/04/2003"	0.6416666667	36.25	18.4782608696	47.8695652174	75.9565217391	48.0833333333	10.375	"11/04/2008"	0.1375	15.125	"NA"	"NA"	"NA"	63.1666666667	2.9545454545
"11/05/2003"	0.3083333333	"NA"	6.2173913043	34.652173913	44	68.4166666667	9.375	"11/05/2008"	0.1708333333	57.1666666667	2.3043478261	15.3043478261	18.8695652174	112.75	3.3333333333
"11/06/2003"	0.2291666667	24.0833333333	9.9130434783	30.0434782609	44.9130434783	53.25	3.7916666667	"11/06/2008"	0.1958333333	14.1666666667	3.652173913	10.652173913	15.5652173913	76.75	3
"11/07/2003"	0.1458333333	22.8333333333	11.4166666667	14.125	31.3333333333	49.1666666667	5.9583333333	"11/07/2008"	0.175	10.4166666667	8.0434782609	21.347826087	33.4347826087	43.5	2.75
"11/08/2003"	0.1045454545	34.9090909091	2.5	12.5909090909	16.7272727273	91.8181818182	7.3636363636	"11/08/2008"	0.1833333333	10.9583333333	11.8695652174	15.7391304348	33.7391304348	48.75	3.9166666667
"11/09/2003"	0.3791666667	26.5652173913	32.8333333333	37.375	87.2916666667	16.1666666667	28.3333333333	"11/09/2008"	0.1708333333	14.0833333333	8.7826086957	22.1304347826	35.4347826087	45.0833333333	1.125
"11/10/2003"	0.0166666667	22.875	8.75	26.3333333333	39.5833333333	44.75	3.9583333333	"11/10/2008"	0.1166666667	16.9583333333	16.0833333333	35.2083333333	59.7083333333	23	4.5416666667
"11/11/2003"	0.2208333333	37.7083333333	30.125	45.7916666667	91.6666666667	7.5	6.5833333333	"11/11/2008"	"NA"	10.1666666667	7.8333333333	32.4166666667	43.75	54.5833333333	3.8333333333
"11/12/2003"	0.1590909091	23.8636363636	22.6818181818	43.5454545455	78	15.1818181818	7.95	"11/12/2008"	0.1208333333	16.25	17.1666666667	38.8333333333	64.8333333333	29.6666666667	1.5833333333
"12/01/2003"	"NA"	28.8333333333	17.0416666667	39.2083333333	65.2083333333	19.25	10.125	"12/01/2008"	0.1583333333	12.0416666667	15.25	37.4166666667	60.7916666667	27.9166666667	2.6666666667
"12/02/2003"	"NA"	33.4583333333	12.9583333333	34.3333333333	53.8333333333	20.5	4.125	"12/02/2008"	"NA"	"NA"	"NA"	"NA"	"NA"	"NA"	"NA"
"12/03/2003"	0.2291666667	31.125	6.625	7.1818181818	17.1818181818	73.75	4.5833333333	"12/03/2008"	0.1	6.5833333333	1.1666666667	18	20	93.6666666667	3
"12/04/2003"	0.6916666667	45.9166666667	15.347826087	45.4347826087	68.7391304348	50.9166666667	10.875	"12/04/2008"	0.1125	8.25	"NA"	"NA"	"NA"	78.8333333333	4.25
"12/05/2003"	0.3416666667	"NA"	10.2173913043	44.7391304348	60.0869565217	59.9166666667	7.9583333333	"12/05/2008"	0.1583333333	34.625	3.5652173913	14.3043478261	19.6956521739	116.3333333333	2.5
"12/06/2003"	0.2391304348	21.0454545455	8.7619047619	27.3333333333	40.5238095238	54.1739130435	3.8260869565	"12/06/2008"	0.1708333333	8.7083333333	3.652173913	11.3913043478	16.1304347826	85	2.875
"12/07/2003"	0.125	28.5833333333	7.4166666667	21.7083333333	33.0416666667	58.4166666667	5.75	"12/07/2008"	0.1	8.9166666667	4.5217391304	10.1304347826	16.6086956522	52.6666666667	0.5
"12/08/2003"	0.1083333333	33	2.7083333333	20.8333333333	24.75	84.8333333333	3.0416666667	"12/08/2008"	0.1875	12.4782608696	9.9565217391	22.3043478261	37.5217391304	47.5833333333	1.7083333333
"12/09/2003"	0.1208333333	25.5416666667	7.2916666667	24.0833333333	35.25	41.25	2.125	"12/09/2008"	0.2041666667	16.5833333333	12.4347826087	30.1739130435	48.9130434783	19.4166666667	1.8333333333
"12/10/2003"	0	19.5	4.25	17.5833333333	23.8333333333	60.8333333333	5.125	"12/10/2008"	0.1208333333	27.8333333333	5.5833333333	25.5	33.6666666667	37.4166666667	4.5
"12/11/2003"	0.252173913	23.8333333333	27.1304347826	48.7826086957	90.1304347826	13.3043478261	3.652173913	"12/11/2008"	0.3333333333	11.75	17.5	35.0833333333	61.7916666667	39.0833333333	3.2083333333
"12/12/2003"	0.1041666667	21.5833333333	43.9583333333	54.1666666667	121.375	8.75	8.625	"12/12/2008"	0.1166666667	23.2083333333	32.5	48.4166666667	98	15.3333333333	1.875
"13/01/2003"	"NA"	19.1666666667	14.3333333333	37.8333333333	59.9583333333	33.25	20.125	"13/01/2008"	0.125	8.4166666667	1.125	13.5833333333	15.4166666667	57	0
"13/02/2003"	"NA"	50.0416666667	20.0416666667	47.5	78.0416666667	21.3333333333	3.0833333333	"13/02/2008"	0.2	17.625	6.625	66	75.75	8.5	3
"13/03/2003"	0.4041666667	24.2083333333	8.5	25.1666666667	37.875	63.5833333333	2.9166666667	"13/03/2008"	0.1739130435	10.2083333333	8.3913043478	36.2608695652	48.9565217391	63.5652173913	3.0869565217
"13/04/2003"	0.5833333333	45.625	9.6956521739	32.1739130435	46.652173913	63.5	9.9583333333	"13/04/2008"	0.1625	15.125	"NA"	"NA"	"NA"	76.8333333333	3.4583333333
"13/05/2003"	0.2458333333	16.8181818182	10.5217391304	33.3043478261	49.347826087	65.1666666667	6.375	"13/05/2008"	0.1541666667	29.25	3.6956521739	14	19.5217391304	111.0833333333	3
"13/06/2003"	0.2708333333	22.5416666667	8.9565217391	34.2608695652	47.8695652174	52.1666666667	8.8333333333	"13/06/2008"	0.1541666667	9.5	5.1739130435	20.2173913043	28.0869565217	62.75	2.375
"13/07/2003"	0.1458333333	35	6.4583333333	15.0416666667	25.0416666667	79.0833333333	7.5	"13/07/2008"	0.1041666667	9	3.652173913	10.7391304348	16.0434782609	66.5833333333	2.625
"13/08/2003"	0.1	19.5909090909	8.4166666667	20.0833333333	32.9583333333	49.9166666667	8.7083333333	"13/08/2008"	0.1416666667	10.2083333333	9.7826086957	13.3043478261	28.2173913043	55.0833333333	5.9166666667
"13/09/2003"	0.125	32.75	9.8333333333	25.5416666667	40.25	42.4166666667	5.8333333333	"13/09/2008"	0.1416666667	19.0416666667	7.1304347826	24.7826086957	35.6086956522	34.5833333333	4.5
"13/10/2003"	0.0166666667	35.7916666667	9.625	21.6666666667	36	44.25	5.8333333333	"13/10/2008"	0.1125	22.75	14.5833333333	36.5	58.6666666667	31.8333333333	8.875
"13/11/2003"	0.3173913043	32.0869565217	32.8260869565	48.8260869565	98.9130434783	11.4782608696	9.6956521739	"13/11/2008"	0.1666666667	18.9166666667	32.1666666667	48.1666666667	97.2083333333	9.5	5.625
"13/12/2003"	0.0625	11.5	10.2916666667	35.25	51	34.5833333333	7.375	"13/12/2008"	0.1458333333	13.75	6.0833333333	22.7083333333	31.5	47.9166666667	4.7916666667
"14/01/2003"	"NA"	14.3333333333	11.1578947368	28.5789473684	45.5789473684	45.5789473684	5.8421052632	"14/01/2008"	0.3166666667	8.125	7.4583333333	30.7916666667	42.0416666667	42	3.0833333333
"14/02/2003"	"NA"	46.8333333333	33.6666666667	58.4583333333	109.9166666667	19.5833333333	6.9583333333	"14/02/2008"	0.1958333333	14.25	6.8333333333	29.9166666667	40.25	44.9166666667	2.25
"14/03/2003"	0.275	28	8.375	23.875	36.4166666667	68.5	1.875	"14/03/2008"	0.2125	11.5	13.0416666667	38.0416666667	58	52.1666666667	3.7916666667
"14/04/2003"	0.5541666667	57.2916666667	8	39.5217391304	51.347826087	82.8333333333	10.375	"14/04/2008"	0.2083333333	18.4583333333	3.2727272727	16.5454545455	21.3636363636	64.0833333333	3.3333333333
"14/05/2003"	0.2458333333	15.7916666667	6.0434782609	32.3913043478	41.652173913	62.5	3.75	"14/05/2008"	0.125	23.75	4.1304347826	10.9565217391	17	104.8333333333	2.5
"14/06/2003"	0.2083333333	26.9583333333	6.652173913	30.652173913	40.652173913	61.9166666667	8.25	"14/06/2008"	0.1916666667	9.9166666667	3.7826086957	13.2608695652	18.652173913	70.6666666667	2.875
"14/07/2003"	0.1333333333	33.5416666667	9	23.1666666667	36.8333333333	68.5833333333	4.5416666667	"14/07/2008"	0.1166666667	12.875	14.1304347826	25.4347826087	46.7826086957	31.8333333333	7.9583333333
"14/08/2003"	0.1083333333	21.2083333333	3.4166666667	13.0833333333	18.1666666667	53.0833333333	2.6666666667	"14/08/2008"	0.1625	9.9166666667	7.8695652174	16.2608695652	28.1739130435	47.1666666667	3.5
"14/09/2003"	0.1208333333	27.7916666667	6.5833333333	33.6666666667	43.375	49.5	13.9166666667	"14/09/2008"	0.1125	11.5416666667	2.652173913	9.2173913043	12.8260869565	75.1666666667	3.25
"14/10/2003"	0.0125	34.25	12.125	24.1666666667	42.375	39.75	6.2083333333	"14/10/2008"	0.1416666667	17.2916666667	36.625	42.7083333333	98.375	16.0833333333	4.9583333333
"14/11/2003"	0	13.5	6.375	19.9583333333	29.3333333333	46.8333333333	5.5416666667	"14/11/2008"	0.1166666667	12.75	10.3333333333	34.5	50	40	3.125
"14/12/2003"	0.0041666667	20.0833333333	3.125	13.5	17.9583333333	60.3333333333	2.375	"14/12/2008"	0.2208333333	21.1666666667	8.8333333333	31.5	44.8333333333	10.9166666667	2.4166666667
"15/01/2003"	"NA"	"NA"	13.0416666667	27.25	47	48.5	6.7916666667	"15/01/2008"	0.2458333333	12.2083333333	10.875	36.5416666667	53.0416666667	32.9166666667	3
"15/02/2003"	"NA"	28.25	21.0416666667	39.3333333333	71.5833333333	35.4166666667	5.25	"15/02/2008"	0.5708333333	13.3333333333	8.875	32.9166666667	46.375	53.6666666667	2.3333333333
"15/03/2003"	0.5	35.0833333333	8.9166666667	27.4583333333	40.7083333333	50.6666666667	4	"15/03/2008"	0.2541666667	24.7916666667	19.875	35	65.125	19.75	3.9583333333
"15/04/2003"	0.7375	80.75	22.6086956522	73.1304347826	107.2608695652	35.6666666667	18.7083333333	"15/04/2008"	0.2166666667	20	13.5217391304	41.3043478261	61.9565217391	51.3333333333	5.1666666667
"15/05/2003"	0.225	23.2	6.9473684211	38.5263157895	49.0526315789	51.7272727273	8.2173913043	"15/05/2008"	0.125	18.7083333333	2.9130434783	11.1304347826	15.6956521739	103.1666666667	3
"15/06/2003"	0.3208333333	28.2916666667	5.7391304348	20.1304347826	28.5652173913	95.3333333333	7.375	"15/06/2008"	0.1083333333	6.875	2.0869565217	11.9565217391	14.8260869565	68.75	3.25
"15/07/2003"	0.1583333333	41.4166666667	6.875	21.375	31.5833333333	85.0833333333	5.5416666667	"15/07/2008"	0.1166666667	11	11.1304347826	13.1304347826	29.8260869565	44.8333333333	5.4583333333
"15/08/2003"	0.1291666667	26.5416666667	10.6666666667	26.8333333333	43	43.6666666667	6.0416666667	"15/08/2008"	0.1958333333	14.7083333333	13.4782608696	22.1739130435	42.6086956522	45.6666666667	6.5833333333
"15/09/2003"	0.4625	49.375	37.8333333333	59.3333333333	117	26.1666666667	17.0833333333	"15/09/2008"	0.1541666667	12.375	7.0434782609	27.0869565217	37.4347826087	63.4166666667	0.625
"15/10/2003"	0.0208333333	31.0833333333	12.875	25.2083333333	44.625	37.5	4.7916666667	"15/10/2008"	0.1166666667	10.8333333333	7.5833333333	33.2916666667	44.5833333333	31.5	4.25
"15/11/2003"	0.0625	19.7083333333	10.2916666667	33	48.625	33.6666666667	6.7916666667	"15/11/2008"	0.1	10.625	4.7916666667	28.0416666667	35.0416666667	50.1666666667	2.125
"15/12/2003"	0.05	18.9166666667	7.5416666667	27.2083333333	38.4166666667	39.75	1.875	"15/12/2008"	0.325	28.7916666667	64.5833333333	49.9166666667	148.3333333333	5.1666666667	6.75
"16/01/2003"	"NA"	"NA"	19.7727272727	38.4545454545	68.3636363636	32	8.5833333333	"16/01/2008"	0.3791666667	15.75	25.625	52.625	91.7083333333	25.6666666667	3.7916666667
"16/02/2003"	"NA"	24.4166666667	6.5	16.375	25.75	49.3333333333	3.2916666667	"16/02/2008"	0.1791666667	17.5	25.125	43.375	81.75	31.75	0.75
"16/03/2003"	0.7208333333	53.2916666667	16.7083333333	48.2916666667	73.625	28.9166666667	11.75	"16/03/2008"	0.1	9.1666666667	1.375	6.4583333333	8.75	102.5	2.125
"16/04/2003"	0.775	76.7083333333	16.8260869565	56.6956521739	82.0434782609	35.25	19.625	"16/04/2008"	0.1833333333	16.6666666667	7	22.9565217391	33.6086956522	72.75	3.0833333333
"16/05/2003"	0.1791666667	19.4166666667	10.347826087	39.7391304348	55.0434782609	54.5	6.7916666667	"16/05/2008"	0.1375	15.5416666667	5.8260869565	13.1304347826	21.6956521739	79.4166666667	2.625
"16/06/2003"	0.2166666667	27.1666666667	6.2173913043	28.7391304348	37.8695652174	78.3333333333	6.0416666667	"16/06/2008"	0.2	14.0416666667	9.3043478261	29.7826086957	43.7826086957	52.75	2.375
"16/07/2003"	0.1208333333	51.5416666667	6.1666666667	16.875	25.875	85.75	6.9583333333	"16/07/2008"	0.1208333333	11.7083333333	5.4347826087	13.347826087	21.652173913	53	2.8333333333
"16/08/2003"	0.1	18.4347826087	5.1666666667	18.2916666667	26.375	56.0833333333	5.1666666667	"16/08/2008"	0.1083333333	13.1666666667	5.1304347826	8.3043478261	15.8260869565	70.3333333333	2.75
"16/09/2003"	0.3625	42.375	24.0833333333	59.0833333333	95.875	31.0833333333	10.9583333333	"16/09/2008"	0.2	19.125	10.2173913043	41.1304347826	56.8260869565	45.1666666667	3.625
"16/10/2003"	0.1	26.0526315789	18.8421052632	33.5263157895	62.1052631579	22.9473684211	5.3157894737	"16/10/2008"	0.1	8.0416666667	8.9166666667	28.2916666667	41.875	46.1666666667	1.125
"16/11/2003"	0.05	13.6666666667	7.6666666667	26.7916666667	38.1666666667	35	3.5	"16/11/2008"	0.1208333333	16.5416666667	4	23.5	29.5416666667	55.75	0.375
"16/12/2003"	0.4041666667	35.7916666667	94.625	64.625	208.75	4	17.7083333333	"16/12/2008"	0.2125	24.1666666667	46.5	57.3333333333	128.3333333333	6.3333333333	5.2083333333
"17/01/2003"	"NA"	"NA"	19.25	35.8333333333	65.0416666667	38.75	8.4583333333	"17/01/2008"	0.2	12.6956521739	8.6086956522	43.2173913043	55.9130434783	25.3043478261	3
"17/02/2003"	"NA"	30.4166666667	12.875	30.5	50.0416666667	43.8333333333	1.5	"17/02/2008"	0.3583333333	36.9166666667	54.2083333333	56.4583333333	139.1666666667	17.8333333333	8.2916666667
"17/03/2003"	0.7375	52.4583333333	25.375	36.2083333333	74.75	50.4166666667	6.125	"17/03/2008"	0.1041666667	7.9166666667	3.1666666667	12.5416666667	17.2916666667	97.9166666667	3
"17/04/2003"	0.6363636364	63.0476190476	10.7	35.75	51.8	75.3043478261	9.1818181818	"17/04/2008"	0.1416666667	11.9166666667	4.2608695652	15.4347826087	21.8695652174	101.3333333333	1.875
"17/05/2003"	0.2083333333	16.375	11.3913043478	24.652173913	41.8695652174	49.5833333333	7.8333333333	"17/05/2008"	0.1416666667	38.875	1.6956521739	12.7826086957	15.0869565217	105.9166666667	3.0833333333
"17/06/2003"	0.275	31.5416666667	7.5652173913	28.652173913	39.9565217391	82.0833333333	10.8333333333	"17/06/2008"	0.1208333333	15.75	10.4347826087	31.8260869565	47.3913043478	61.8333333333	4.4583333333
"17/07/2003"	0.2666666667	41.75	9.7916666667	35.7083333333	50.4166666667	52	8.4166666667	"17/07/2008"	0.125	11.1666666667	14.3913043478	23.9130434783	45.7391304348	32.1666666667	4.3333333333
"17/08/2003"	0.0958333333	21	2.875	14.5416666667	18.7916666667	65.8333333333	4.8333333333	"17/08/2008"	0.1958333333	9.9583333333	6	11.8695652174	20.9130434783	62.4166666667	3.875
"17/09/2003"	0.1583333333	44.375	20.8333333333	64.9166666667	96.25	44.5833333333	23.7083333333	"17/09/2008"	0.2125	28.0833333333	25.4347826087	46.4782608696	85.2173913043	30.9166666667	5.2083333333
"17/10/2003"	0.0291666667	23.4166666667	8.7083333333	25.75	38.9166666667	41.3333333333	2.75	"17/10/2008"	0.1041666667	13.5	21.7083333333	40.7916666667	73.9166666667	23	6.6666666667
"17/11/2003"	0.225	24.375	31.5416666667	47.0416666667	95.3333333333	11.1666666667	11.25	"17/11/2008"	0.1125	20.2083333333	21.4166666667	45.125	77.625	18.4166666667	2.25
"17/12/2003"	0.4291666667	34.7916666667	64.3333333333	50.4583333333	148.6666666667	2.75	23.2083333333	"17/12/2008"	0.125	15.7083333333	18.4166666667	49.75	77.9166666667	35.75	5.2916666667
"18/01/2003"	"NA"	"NA"	19.0416666667	34.3333333333	63.4166666667	30	7.7083333333	"18/01/2008"	0.1916666667	10.2916666667	9.0833333333	30.1666666667	44.0416666667	40.6666666667	3.0833333333
"18/02/2003"	"NA"	29.8333333333	16.7083333333	32.4166666667	57.6666666667	37.3333333333	2.25	"18/02/2008"	0.8291666667	50.3043478261	119.7083333333	86.375	269.2083333333	7.75	17.1666666667
"18/03/2003"	0.3791666667	35.5	8.8333333333	34.4166666667	47.5416666667	68.8333333333	7.9583333333	"18/03/2008"	0.1	5.9166666667	3.0416666667	15.125	19.875	94.1666666667	3.0833333333
"18/04/2003"	0.4708333333	44.6666666667	5.4782608696	13.5652173913	21.9130434783	103.8333333333	6.0416666667	"18/04/2008"	0.1416666667	23.5833333333	5.0869565217	13.0869565217	20.5652173913	105.25	2.875
"18/05/2003"	0.2958333333	16.5833333333	6.4347826087	17.6086956522	27.3043478261	63.6666666667	9.5416666667	"18/05/2008"	0.1	12.7083333333	2.0869565217	8.2608695652	11.347826087	110.5	0.5
"18/06/2003"	0.2833333333	23	13.3913043478	35.8695652174	55.8695652174	36.6666666667	12.375	"18/06/2008"	0.1875	14.4166666667	10.652173913	25.3043478261	41.3913043478	63.4166666667	3
"18/07/2003"	0.1833333333	24.625	11.125	26.6666666667	43.4583333333	43.5833333333	8.7916666667	"18/07/2008"	0.1958333333	13.125	18.0869565217	26.652173913	54.0869565217	17.9166666667	3
"18/08/2003"	0.125	24.875	10.9583333333	31.7083333333	48.2916666667	41.8	11.625	"18/08/2008"	0.1916666667	8.625	9.9130434783	15.1304347826	30.0869565217	51.8333333333	2.25
"18/09/2003"	0.2181818182	43.3684210526	13.1052631579	43.8947368421	63.6842105263	42.6363636364	10.5454545455	"18/09/2008"	0.2166666667	19.375	12.9130434783	30.8260869565	50.4782608696	54.0833333333	0.8333333333
"18/10/2003"	0.0041666667	19.9583333333	2.5833333333	13.1666666667	17.2083333333	60.4166666667	0.75	"18/10/2008"	0.1291666667	12.1666666667	10.2083333333	27.5	43	35.5	6.5833333333
"18/11/2003"	0.075	14	16.6666666667	36.4583333333	61.7916666667	22.75	4.75	"18/11/2008"	0.1125	13.5	7.4166666667	34.4166666667	45.7083333333	36.8333333333	3.6666666667
"18/12/2003"	0.55	43.7916666667	104.1666666667	52.5416666667	211.7916666667	2.5	10.875	"18/12/2008"	0.1347826087	19.0833333333	16.4782608696	45.8260869565	70.7391304348	32.0869565217	6.9130434783
"19/01/2003"	"NA"	"NA"	12.9166666667	31.75	51.25	28.5833333333	4.4166666667	"19/01/2008"	0.175	12.1666666667	10.1666666667	39.0416666667	54.5	36.5	1.4166666667
"19/02/2003"	"NA"	50.9583333333	17.5	36.4166666667	62.9166666667	25.75	3.375	"19/02/2008"	0.1875	30.2272727273	29.4583333333	55.9166666667	100.875	11	23.2916666667
"19/03/2003"	0.7541666667	68.5416666667	37.1666666667	69.3333333333	126.0416666667	16.6666666667	16.3333333333	"19/03/2008"	0.125	7.2083333333	5.4583333333	22.5833333333	30.875	74.5833333333	3.25
"19/04/2003"	0.4125	30.5833333333	5.4782608696	13.3913043478	21.8695652174	95.3333333333	3.0833333333	"19/04/2008"	0.1583333333	28.4583333333	3.4347826087	7.7826086957	12.3913043478	122.5	2.375
"19/05/2003"	0.3916666667	21.625	11.6956521739	34.3913043478	52.0869565217	60.8333333333	12.625	"19/05/2008"	0.1291666667	11.0869565217	4.0869565217	14.0869565217	20.1739130435	98.9166666667	1
"19/06/2003"	0.1541666667	17.375	10.2608695652	24.1739130435	39.5652173913	43.1666666667	3.6666666667	"19/06/2008"	0.1291666667	10.4166666667	5.7391304348	10.0434782609	18.7826086957	83.25	3.0416666667
"19/07/2003"	0.1041666667	27.5833333333	11.375	21.8333333333	39.0833333333	51.1666666667	6.4166666667	"19/07/2008"	0.1291666667	7.4166666667	6.2173913043	11.7391304348	21	43.5833333333	2.5416666667
"19/08/2003"	0.1	19.625	11.9583333333	31.4583333333	49.5	29.9166666667	15.125	"19/08/2008"	0.1791666667	8.9583333333	7.4347826087	14.652173913	25.8695652174	51.75	3.2916666667
"19/09/2003"	0.1041666667	32.625	13.375	37.4583333333	57.2916666667	33.5833333333	8.7916666667	"19/09/2008"	0.1583333333	27.7916666667	17.652173913	39.6956521739	66.4782608696	31.4166666667	14.25
"19/10/2003"	0	16.5416666667	0.9166666667	8.6666666667	9.9583333333	70.5	9.9166666667	"19/10/2008"	0.1041666667	9.625	5.8333333333	20.4166666667	29.25	46.3333333333	4
"19/11/2003"	0.1416666667	18.4347826087	16.875	43.9583333333	69.5833333333	26.4166666667	4.2916666667	"19/11/2008"	0.1	12.9583333333	5.125	26.75	34.25	55.8333333333	1
"19/12/2003"	1.2958333333	53.4166666667	160.7083333333	43.2083333333	288.5	3	18.875	"19/12/2008"	0.1041666667	17.625	16.9166666667	42	67.6666666667	33.9166666667	4.5
"20/01/2003"	"NA"	"NA"	13.375	33.9166666667	54.2916666667	43.5833333333	4.5833333333	"20/01/2008"	0.125	5.5416666667	3.4166666667	24.2916666667	29.125	41.4166666667	3
"20/02/2003"	1.1111111111	55.4761904762	28.6666666667	46.7142857143	90.1904761905	16.0869565217	5.3043478261	"20/02/2008"	0.6875	48.2727272727	59.3333333333	61.3333333333	151.8333333333	10.5	10.375
"20/03/2003"	0.7571428571	53.4	23.4761904762	58.0476190476	93.7619047619	24.1818181818	10.2272727273	"20/03/2008"	0.1083333333	6.875	5.9583333333	26.9166666667	35.875	67.5833333333	3.3333333333
"20/04/2003"	0.4	76.5833333333	5.0434782609	15.347826087	23.347826087	103.0833333333	3	"20/04/2008"	0.1083333333	33	1.9565217391	11.3913043478	14.5652173913	104.5833333333	1
"20/05/2003"	0.3166666667	15.75	7.2608695652	27.4782608696	38.347826087	66.3333333333	6.375	"20/05/2008"	0.1666666667	14.625	4.652173913	23.5217391304	30.8260869565	84.0833333333	2.5
"20/06/2003"	0.0958333333	19.8333333333	5.347826087	18.3913043478	26.4347826087	66.4166666667	2.5	"20/06/2008"	0.1625	11	8.8695652174	18.6956521739	32.0869565217	62.5833333333	4.0833333333
"20/07/2003"	0.1166666667	23.2916666667	7.4583333333	20.1666666667	31.4583333333	53.75	10	"20/07/2008"	0.1	6.5416666667	2.2173913043	6.2608695652	9.0434782609	57.4166666667	2.375
"20/08/2003"	0.1041666667	24.2083333333	11.875	38.125	56.0416666667	28.6666666667	11.625	"20/08/2008"	0.1125	12.1666666667	2.7142857143	16.4285714286	20.4285714286	55.25	2.625
"20/09/2003"	0.05	22.8260869565	8.875	29	42.5	44	5.8333333333	"20/09/2008"	0.175	28.5416666667	13.0869565217	44.3043478261	64.2608695652	32.6666666667	6.7916666667
"20/10/2003"	0.0458333333	17.2083333333	7.5	16.2083333333	27.5833333333	52.6666666667	5.7083333333	"20/10/2008"	0.1	12.2916666667	6.625	28.1666666667	38.25	57.8333333333	4.75
"20/11/2003"	0.1458333333	20.5833333333	22.375	47.375	81.4166666667	14.25	5.7916666667	"20/11/2008"	0.1045454545	11.7826086957	5.6818181818	21.6818181818	30.1818181818	63.9090909091	0.8181818182
"20/12/2003"	0.3416666667	18.375	64	42.7083333333	140.25	11.25	8.9166666667	"20/12/2008"	0.1375	19.1666666667	10.875	35.75	52.375	40.9166666667	2.7916666667
"21/01/2003"	"NA"	"NA"	17.4583333333	38.9166666667	65.5416666667	41.0833333333	0.625	"21/01/2008"	0.2583333333	6.2083333333	6.8333333333	28.0416666667	38.4166666667	53.3333333333	2.7916666667
"21/02/2003"	1.2333333333	73.5416666667	77.875	68.125	186.8333333333	7	11.5416666667	"21/02/2008"	0.2458333333	18.4782608696	11.125	46.7083333333	63.6666666667	33.4166666667	7.625
"21/03/2003"	0.35	44.0416666667	9.9583333333	34.5	49.7083333333	53.1666666667	4.125	"21/03/2008"	0.1125	5.5	3	5.25	9.1666666667	111.75	3
"21/04/2003"	0.5458333333	52.347826087	7.3043478261	25.1304347826	36.0869565217	82.8333333333	3.0416666667	"21/04/2008"	0.1958333333	32.8333333333	4.1739130435	15.9130434783	22.3043478261	107.9166666667	3
"21/05/2003"	0.2333333333	18	10.2173913043	37.2173913043	52.4782608696	43.75	6.9166666667	"21/05/2008"	0.175	16.8333333333	6.3043478261	20.8260869565	30.1304347826	103.75	3.1666666667
"21/06/2003"	0.1583333333	21.75	6.1739130435	21.0869565217	30.347826087	64.8333333333	8.875	"21/06/2008"	0.1583333333	13.4166666667	7.9565217391	18.1739130435	30.3043478261	52.9166666667	3
"21/07/2003"	0.1222222222	19.8888888889	9.2222222222	22.3333333333	36.1111111111	39.7777777778	2.6666666667	"21/07/2008"	0.1125	12.5	3.347826087	13.652173913	18.4782608696	57.1666666667	2.625
"21/08/2003"	0.185	26.2	14.4	35.05	56.8	24.7	10.45	"21/08/2008"	"NA"	10.619047619	"NA"	"NA"	"NA"	"NA"	"NA"
"21/09/2003"	0.0916666667	22.1666666667	5.9166666667	28.6666666667	37.375	54.3333333333	7.2916666667	"21/09/2008"	0.1833333333	34.8333333333	2.5217391304	29.1739130435	32.9565217391	70.0833333333	10.625
"21/10/2003"	0.1875	17.375	14.75	34.5	56.5833333333	31	4.75	"21/10/2008"	0.1	10.2083333333	7.8333333333	31.7083333333	43.5416666667	46.8333333333	6.0833333333
"21/11/2003"	1.0125	43.7083333333	106.4583333333	56.2916666667	218.8333333333	5.75	8.25	"21/11/2008"	0.1	7.8333333333	2	13	16	73.25	0.125
"21/12/2003"	0	14.9130434783	3.5416666667	9.5	14.2083333333	57.9166666667	1.2083333333	"21/12/2008"	0.1333333333	11.2916666667	4.4583333333	23.375	29.9583333333	56.5833333333	5.7916666667
"22/01/2003"	"NA"	"NA"	16.75	41.0416666667	66.6666666667	20.8333333333	3.5833333333	"22/01/2008"	0.1916666667	14.3333333333	22.1666666667	47.0416666667	80.8333333333	27.3333333333	2.75
"22/02/2003"	0.8791666667	70.875	37.9583333333	58.5833333333	116.4166666667	6.8333333333	4.5833333333	"22/02/2008"	0.1041666667	13.2083333333	5.25	20	27.8333333333	78.5	3.5
"22/03/2003"	0.5916666667	48.625	17.5416666667	46.8333333333	73.5	31.4166666667	8.5416666667	"22/03/2008"	0.1875	5.4583333333	1.9166666667	6.75	9.6666666667	105.0833333333	3
"22/04/2003"	0.6416666667	50	14.6956521739	47.8695652174	70.1304347826	56.75	6.7916666667	"22/04/2008"	0.1833333333	36	7.3043478261	30.2173913043	40.8695652174	84.5833333333	2.125
"22/05/2003"	0.2541666667	14.625	17.9565217391	36.1304347826	63.3043478261	20.5	4.8333333333	"22/05/2008"	0.1833333333	30.3913043478	4.9130434783	23.9565217391	31.1739130435	114.4166666667	3.3333333333
"22/06/2003"	0.2041666667	28.9583333333	5.0434782609	18.7826086957	26.2608695652	85	5.5833333333	"22/06/2008"	0.1541666667	19.0434782609	3.0869565217	6.9130434783	11.3913043478	77.8333333333	1.75
"22/07/2003"	"NA"	"NA"	"NA"	"NA"	"NA"	"NA"	"NA"	"22/07/2008"	0.1916666667	10.0416666667	11.0869565217	14.8695652174	31.5652173913	41.6666666667	2.1666666667
"22/08/2003"	0.0666666667	14	12.2916666667	24.9166666667	43.625	26.2	10.7916666667	"22/08/2008"	0.1	8.2916666667	1.1	4.6	6.3	68.4	0.3
"22/09/2003"	0.0291666667	15.2727272727	7.9583333333	22.9166666667	35.125	39.8333333333	7.875	"22/09/2008"	0.1875	25.5416666667	2.3043478261	14.7391304348	18.3913043478	67	1.125
"22/10/2003"	0.0458333333	20.625	14.4583333333	35.0833333333	56.8333333333	32.8333333333	7.5	"22/10/2008"	0.1125	12.8333333333	21	41	72.7916666667	24.3333333333	8.7083333333
"22/11/2003"	0.4041666667	31.1666666667	43.2083333333	45.7083333333	111.5416666667	5.8333333333	8.4583333333	"22/11/2008"	0.1041666667	5.25	2.5833333333	10.5416666667	14.125	69.25	0.125
"22/12/2003"	0.1375	14.5416666667	18.9583333333	37.25	65.7083333333	34.75	3.7083333333	"22/12/2008"	0.1583333333	18.6666666667	27.875	44.125	86.7083333333	41.4166666667	1.75
"23/01/2003"	"NA"	"NA"	39.7619047619	42.2380952381	102.9047619048	38	4.9090909091	"23/01/2008"	0.2666666667	26.9166666667	12.875	43.2916666667	62.6666666667	25.8333333333	7.9583333333
"23/02/2003"	0.6375	48.125	9.5833333333	42.2916666667	56.5416666667	22.75	5.125	"23/02/2008"	0.1166666667	11.375	7.625	35.6666666667	47.2916666667	51.5	3.4166666667
"23/03/2003"	0.6	66.6666666667	17.5	53.5416666667	80.0833333333	26.6666666667	14.2083333333	"23/03/2008"	0.1166666667	4.1666666667	2.7083333333	11.125	15.0833333333	90.1666666667	3.0833333333
"23/04/2003"	0.4956521739	51.0833333333	7.652173913	30.1304347826	41.4347826087	68.3333333333	7.4583333333	"23/04/2008"	0.2916666667	52.1666666667	33.3043478261	51.5652173913	102.1739130435	21	6.4583333333
"23/05/2003"	0.35	20.5	10.5217391304	35.3043478261	51.0869565217	55.6666666667	7.9583333333	"23/05/2008"	0.1166666667	37.75	4.8260869565	21.2173913043	28.4782608696	117.6666666667	2.875
"23/06/2003"	0.2125	22.4583333333	7.0434782609	19.4347826087	29.9565217391	64.5	2.7083333333	"23/06/2008"	0.1541666667	8.4583333333	6.1739130435	16.4782608696	25.6086956522	83.8333333333	4.3333333333
"23/07/2003"	0.2	21.3333333333	2.3333333333	21.3333333333	24.8333333333	56.3333333333	11.3333333333	"23/07/2008"	0.1916666667	13.8636363636	9.9565217391	17.8695652174	32.8260869565	50.25	3.0833333333
"23/08/2003"	0.1208333333	18.6666666667	4.4166666667	16.5	23.4166666667	40.5	3	"23/08/2008"	0.1	13.2083333333	2.4782608696	13.8695652174	17.6086956522	74.8333333333	1.0416666667
"23/09/2003"	0.0333333333	11.0416666667	5.8333333333	15.375	24.125	37.75	0.875	"23/09/2008"	0.1375	13.2083333333	2.9565217391	11.6956521739	16.3913043478	71.0833333333	0.375
"23/10/2003"	0.2208333333	28.2916666667	23	33.9166666667	68.7083333333	36.6666666667	5.0833333333	"23/10/2008"	0.1	10.75	7.6956521739	25.6956521739	37.2608695652	46.2608695652	3.1304347826
"23/11/2003"	0.1166666667	21.2916666667	24.0416666667	49.75	86.2916666667	7.5	11.1666666667	"23/11/2008"	0.1	7.8333333333	4.6666666667	17.3333333333	24.25	56.5	3.0416666667
"23/12/2003"	0.3136363636	13.5909090909	22.3181818182	44.0454545455	77.8636363636	23.0909090909	4.8181818182	"23/12/2008"	0.1166666667	19.125	14.9166666667	44.4583333333	67.25	22	6
"24/01/2003"	"NA"	"NA"	33.9166666667	66.125	117.75	10.8333333333	21.3333333333	"24/01/2008"	0.1875	15.4583333333	6.4166666667	29.2916666667	38.875	45.75	2.4166666667
"24/02/2003"	0.6625	35	21	48.75	80.7916666667	12.0833333333	5.625	"24/02/2008"	0.15	9.25	4.375	22.1666666667	28.4583333333	69.9166666667	4.3333333333
"24/03/2003"	0.7541666667	68.2916666667	29.4583333333	76.875	121.7083333333	31	16.3333333333	"24/03/2008"	0.1041666667	3.5416666667	1.9166666667	7.5833333333	10.375	95.6666666667	2.125
"24/04/2003"	0.5541666667	39.2083333333	7.2173913043	24.2173913043	35.2608695652	85.6666666667	3.0416666667	"24/04/2008"	0.2	23.375	11.2608695652	36.2608695652	53.1739130435	54.0833333333	3.875
"24/05/2003"	0.35	19.0416666667	11.2608695652	27.0434782609	43.7391304348	51.0833333333	6.3333333333	"24/05/2008"	0.1875	23.7083333333	1.652173913	7.7391304348	9.9565217391	131.6666666667	2.875
"24/06/2003"	0.1333333333	17.625	8.3043478261	20.7826086957	33.2173913043	57.75	7.5833333333	"24/06/2008"	0.2	17.4583333333	8.1304347826	20.6086956522	33	78.1666666667	2.9583333333
"24/07/2003"	0.1095238095	21.8571428571	11.6666666667	27.380952381	44.8571428571	29.3333333333	10.6666666667	"24/07/2008"	0.1708333333	23.25	8.0434782609	23.3913043478	35.3913043478	69.5833333333	2.9583333333
"24/08/2003"	0.1	15.5833333333	0.9583333333	6	7.8333333333	51.5833333333	3.6666666667	"24/08/2008"	0.1166666667	11.5416666667	6.9565217391	20.4347826087	31.3043478261	48.8333333333	3.875
"24/09/2003"	0.2333333333	26.5833333333	29.5416666667	43.875	88.875	15.0833333333	11.1304347826	"24/09/2008"	0.1708333333	22.7916666667	3.8695652174	14.7391304348	20.7391304348	70.75	1.25
"24/10/2003"	0	12.375	5.5416666667	17.875	26.0833333333	39.25	2.8333333333	"24/10/2008"	0.1291666667	16.5833333333	13.3333333333	39.8333333333	60.0416666667	39.1666666667	4.5833333333
"24/11/2003"	0.6833333333	30.25	109.2916666667	58.75	225.5416666667	6.4166666667	10	"24/11/2008"	0.1166666667	10.0833333333	3.875	15.3333333333	21.1666666667	67.5833333333	1.5
"24/12/2003"	0.0166666667	20.2083333333	9.5416666667	39.375	53.7083333333	33.0833333333	7.9583333333	"24/12/2008"	0.4208333333	35.375	66.2083333333	58.8333333333	159.9166666667	7.4166666667	5.125
"25/01/2003"	"NA"	"NA"	10.75	33.4583333333	49.8333333333	45.1666666667	9.0833333333	"25/01/2008"	0.2458333333	18.6666666667	5.0833333333	29.375	37.0416666667	55	3.125
"25/02/2003"	0.65	59.7083333333	18.4583333333	73.2083333333	101.5833333333	21.75	7.125	"25/02/2008"	0.1416666667	12.5	17.2916666667	37.7916666667	64.0416666667	46.5833333333	3.125
"25/03/2003"	0.6583333333	63.1538461538	20.125	78.625	109.2083333333	33.5	15.4166666667	"25/03/2008"	0.125	5.9166666667	3.1666666667	14.8333333333	19.3333333333	95.75	2.75
"25/04/2003"	0.5083333333	55.4583333333	11.5217391304	41.3913043478	58.652173913	55.75	5.0833333333	"25/04/2008"	0.1833333333	24.8333333333	15.8695652174	40.5652173913	64.7826086957	51.4166666667	4.0833333333
"25/05/2003"	0.2166666667	15.2083333333	4.9130434783	21.0869565217	28.1304347826	65.1666666667	1.8333333333	"25/05/2008"	0.1333333333	29.5	1.0434782609	7.5652173913	9.4782608696	131.75	3
"25/06/2003"	0.1083333333	25.125	11.3913043478	19.5652173913	36.6956521739	63.6666666667	6.6666666667	"25/06/2008"	0.2	18.9583333333	10.0869565217	25.7826086957	41	71.1666666667	3.2916666667
"25/07/2003"	0.075	16.4583333333	8.1666666667	22.375	34.7083333333	29.9166666667	2.7083333333	"25/07/2008"	0.2	35.5416666667	6.3043478261	28.8695652174	38.1739130435	85.8333333333	2.375
"25/08/2003"	0.1	14.1666666667	0.9166666667	4.75	6.3333333333	64.5	2.4166666667	"25/08/2008"	0.2083333333	14.2083333333	4.1739130435	14.4347826087	20.7826086957	43.1666666667	2.6666666667
"25/09/2003"	0.1173913043	32.1739130435	24.6086956522	52.0869565217	89.652173913	20.5217391304	20.7391304348	"25/09/2008"	0.1695652174	25.0416666667	4.7142857143	22.619047619	29.7619047619	62.8695652174	0.9130434783
"25/10/2003"	0.0041666667	9.0416666667	5.625	17.9583333333	26.2083333333	44	1.5652173913	"25/10/2008"	0.15	14.375	7.0833333333	29.0833333333	39.625	41.0833333333	5.25
"25/11/2003"	0.1416666667	14.375	30.1666666667	42.2083333333	88.0416666667	15.4166666667	6.8333333333	"25/11/2008"	0.1208333333	9.4583333333	7.25	22.6666666667	33.8333333333	45.0833333333	1.625
"25/12/2003"	0.0083333333	13.5833333333	4.0833333333	20.3333333333	26.4583333333	53.5	8.4583333333	"25/12/2008"	0.1	16.625	5.6666666667	22.9166666667	31.3333333333	35.75	0.2727272727
"26/01/2003"	"NA"	"NA"	10.0416666667	22.75	37.7916666667	39.5833333333	3.75	"26/01/2008"	0.1291666667	14.6666666667	2.5416666667	15.9583333333	19.875	66.3333333333	3
"26/02/2003"	0.8291666667	65.75	41.75	83.625	147.375	9.3333333333	9.9166666667	"26/02/2008"	0.1041666667	10.9583333333	3.5416666667	25.5	30.9583333333	77.5833333333	0.9166666667
"26/03/2003"	0.675	"NA"	21.0416666667	63.125	95.0416666667	44.0833333333	11.375	"26/03/2008"	0.1291666667	8.5833333333	7.5416666667	29.2083333333	40.7083333333	74.5	3.3333333333
"26/04/2003"	0.5333333333	19.6363636364	10.3913043478	34.9130434783	50.4347826087	56.5	7.0416666667	"26/04/2008"	0.1916666667	21.6666666667	8.6086956522	34.8260869565	47.6956521739	72	3.4583333333
"26/05/2003"	0.2666666667	18.25	7.1304347826	24.6086956522	35.3913043478	58.8333333333	12.4583333333	"26/05/2008"	0.1958333333	27.6818181818	1.3913043478	8.7826086957	10.7391304348	129.1666666667	2.875
"26/06/2003"	0.105	17.95	7.1578947368	19.3684210526	30.2105263158	68.1	2.4	"26/06/2008"	0.2291666667	19.8333333333	12.5652173913	24.8260869565	43.652173913	54.5	4.4166666667
"26/07/2003"	0.1208333333	29.1666666667	9.25	28.125	41.9166666667	35.0833333333	8.8333333333	"26/07/2008"	0.2	47.4666666667	4.5652173913	17.2608695652	23.9130434783	96.3333333333	3.5833333333
"26/08/2003"	0.1	18.0416666667	2.4583333333	12.5833333333	16.4166666667	53.9166666667	4.5833333333	"26/08/2008"	0.2125	14.4166666667	12.8260869565	27.5652173913	46.8260869565	27.4166666667	5.0416666667
"26/09/2003"	0.2208333333	30.3333333333	14.7916666667	40.4583333333	62.9583333333	28.6666666667	10.1666666667	"26/09/2008"	0.2083333333	37.875	19.1739130435	36.8260869565	65.9565217391	44.1666666667	3.9166666667
"26/10/2003"	0.0416666667	16.25	5.0416666667	21.3333333333	28.5416666667	47.6666666667	2.5833333333	"26/10/2008"	0.1041666667	7.75	3.8333333333	18.9583333333	24.4583333333	63.75	5.5
"26/11/2003"	0.1916666667	8.652173913	17	43.9166666667	69.6666666667	35	7.1666666667	"26/11/2008"	0.1125	13.0416666667	14.1666666667	37.0416666667	58.6666666667	27	2.5833333333
"26/12/2003"	0.0208333333	6.2916666667	4	19	25	54.5	5.2916666667	"26/12/2008"	0.1458333333	13.5416666667	5.375	24.1666666667	32.375	50.8333333333	3.5833333333
"27/01/2003"	"NA"	"NA"	16.6923076923	30.9230769231	56.5384615385	34.4615384615	10.3846153846	"27/01/2008"	0.1666666667	14.3333333333	2.1666666667	16.9583333333	20.0833333333	64.1666666667	2
"27/02/2003"	1.1875	76.9583333333	76.25	84.875	201.3333333333	4.75	14.5416666667	"27/02/2008"	0.1083333333	11.2083333333	8.7391304348	36.2608695652	49.5217391304	59.1666666667	6.3333333333
"27/03/2003"	0.5291666667	"NA"	13.1666666667	53.9166666667	74	46.5	12.75	"27/03/2008"	0.1666666667	15	14.4583333333	33.2916666667	55.2916666667	40.1666666667	7.375
"27/04/2003"	0.4875	20.9583333333	5.3043478261	21.5652173913	29.4782608696	77.4166666667	2.4166666667	"27/04/2008"	0.1791666667	30.2916666667	4.347826087	21.0434782609	27.347826087	87.25	5.75
"27/05/2003"	0.3	25.5	12.5217391304	37.7391304348	56.7826086957	47.6666666667	3.75	"27/05/2008"	0.1958333333	30.4347826087	2.7391304348	19.8695652174	24.0434782609	103.4166666667	2.875
"27/06/2003"	0.2291666667	29.25	5.6956521739	28.1739130435	36.4347826087	66.1666666667	3.625	"27/06/2008"	0.1416666667	12.125	9.652173913	25.8260869565	40.3043478261	54	3.1666666667
"27/07/2003"	0.0541666667	16.3333333333	2.375	17.7916666667	21.2916666667	42.5833333333	9.125	"27/07/2008"	0.1958333333	35.75	3.7826086957	8.6086956522	13.7826086957	111.25	2.7916666667
"27/08/2003"	0.1	18.3333333333	1.7083333333	8.875	11.2083333333	54.0833333333	1.2916666667	"27/08/2008"	0.1916666667	10.9583333333	7.5217391304	28	39.347826087	30.5	5.375
"27/09/2003"	0.0416666667	14.5833333333	4.9166666667	21.25	28.7916666667	40.5833333333	1.4583333333	"27/09/2008"	0.175	42.8333333333	11.4347826087	35.3043478261	52.652173913	53.25	9.9583333333
"27/10/2003"	0.1708333333	32.9583333333	40.5416666667	58.0833333333	119.7916666667	9.75	15.4583333333	"27/10/2008"	0.1	6.7916666667	6.75	25.75	35.8333333333	48	3.0416666667
"27/11/2003"	0.5136363636	24.95	42.95	60.9	126.35	6.6363636364	11	"27/11/2008"	0.1125	10.75	13	40.8333333333	60.5416666667	34.4166666667	3.625
"27/12/2003"	0.2	14.625	"NA"	"NA"	"NA"	33.9166666667	8.1666666667	"27/12/2008"	0.1041666667	13.5416666667	4.3333333333	23.7916666667	30.0833333333	49.3333333333	0.5833333333
"28/01/2003"	"NA"	"NA"	"NA"	"NA"	"NA"	"NA"	"NA"	"28/01/2008"	0.6125	25.2916666667	25.7916666667	48.4583333333	87.7916666667	21.0833333333	3.5833333333
"28/02/2003"	0.5041666667	33.9583333333	20.9166666667	41.9583333333	73.5833333333	24.8333333333	6.7083333333	"28/02/2008"	0.1625	19.0833333333	29.5	64	108.9583333333	23.4166666667	7.125
"28/03/2003"	0.5375	27	9.0416666667	38.3333333333	52	70.25	2.2083333333	"28/03/2008"	0.1416666667	7.4583333333	5.375	28.625	36.7916666667	69.1666666667	3.125
"28/04/2003"	0.3875	21.1818181818	10.9565217391	27.3043478261	43.6086956522	58.5	4.875	"28/04/2008"	0.2	14.2083333333	10.4347826087	40.3043478261	56	58.8333333333	3.5
"28/05/2003"	0.3	28.7916666667	13.7826086957	32.8695652174	53.6956521739	49.25	"NA"	"28/05/2008"	0.1916666667	37.625	7.3043478261	24.3913043478	35.1739130435	67.0833333333	3.0833333333
"28/06/2003"	0.1625	17.4166666667	11.6086956522	27.2608695652	44.7826086957	41.25	10.125	"28/06/2008"	0.1666666667	15.7083333333	4.6086956522	18.5652173913	25.6956521739	61.0833333333	3.0833333333
"28/07/2003"	0.1304347826	27.6956521739	10.5217391304	28.652173913	44.4782608696	39.9130434783	13	"28/07/2008"	0.1958333333	20.9583333333	4.652173913	10.7391304348	17.5217391304	111.5833333333	1.5
"28/08/2003"	0.1208333333	17.5416666667	2.7916666667	15.5416666667	19.7916666667	38.8333333333	1.7083333333	"28/08/2008"	0.1608695652	13.4166666667	12.6363636364	24.4545454545	43.5454545455	23.9130434783	6.347826087
"28/09/2003"	0.0708333333	17.0434782609	7.4583333333	20.0416666667	31.0833333333	37.4166666667	5.2083333333	"28/09/2008"	0.1833333333	16.5217391304	3.4347826087	16.2173913043	21.1304347826	62.3333333333	3.875
"28/10/2003"	0.4125	38.4166666667	45	53.75	122.3333333333	6.3333333333	20.1818181818	"28/10/2008"	0.1166666667	8	8	26.7083333333	38.9166666667	35.6666666667	2
"28/11/2003"	0.3375	25.5	38.2916666667	58.5416666667	117.2916666667	8.75	9.625	"28/11/2008"	0.2583333333	23.8333333333	48.375	51.5	125.125	9.1666666667	5
"28/12/2003"	0.0565217391	12.6666666667	"NA"	"NA"	"NA"	47.8260869565	3	"28/12/2008"	0.1	11.625	3.9583333333	21.6666666667	27.75	58.75	0.9583333333
"29/01/2003"	"NA"	13	4.5555555556	19.8888888889	26.4444444444	65.3333333333	2.3333333333	"29/01/2008"	0.35	24.625	16.375	43.9583333333	68.9583333333	26	3.625
"29/02/2003"	"NA"	"NA"	"NA"	"NA"	"NA"	"NA"	"NA"	"29/02/2008"	0.1291666667	13.2083333333	15.2083333333	39.875	63	48.8333333333	3.375
"29/03/2003"	0.525	44.25	12.9583333333	46.375	65.7916666667	52.3333333333	8.75	"29/03/2008"	0.1125	8.6666666667	4.8333333333	17.5833333333	25	87.3333333333	4.2916666667
"29/04/2003"	0.6458333333	22.7083333333	10.3913043478	36.9130434783	52.652173913	61.3333333333	5.125	"29/04/2008"	0.2	21.1666666667	12.6086956522	29.9130434783	48.6956521739	67.8333333333	3.125
"29/05/2003"	0.3571428571	35.4761904762	7.95	43.35	55.3	79.9047619048	"NA"	"29/05/2008"	0.2166666667	28.3333333333	10.0434782609	26.2173913043	41.3913043478	70.1666666667	5.1666666667
"29/06/2003"	0.1791666667	17.5	5.347826087	15.8260869565	23.652173913	80.3333333333	2.25	"29/06/2008"	0.1875	13.7916666667	4.5652173913	15.3913043478	22.4347826087	59.75	4.375
"29/07/2003"	0.0956521739	20.7391304348	12.7826086957	22.3913043478	41.652173913	31.7391304348	13.7826086957	"29/07/2008"	0.125	18.9166666667	8.3043478261	13.9130434783	26.347826087	80.8333333333	0.875
"29/08/2003"	0.1041666667	17.4583333333	1.625	8.5833333333	10.9583333333	54.0833333333	1.125	"29/08/2008"	0.1625	11.75	14.0434782609	20.0434782609	41.4347826087	26	3.5416666667
"29/09/2003"	0.1833333333	20.7916666667	23.2083333333	40.3333333333	75.625	18.1666666667	27.8333333333	"29/09/2008"	0.1291666667	10.5833333333	10.347826087	28.7391304348	44.2173913043	35.9166666667	7.4166666667
"29/10/2003"	0.3416666667	16.75	27.7083333333	47.5416666667	89.7916666667	14.4166666667	5.7916666667	"29/10/2008"	0.1458333333	12.875	19.5833333333	43.6666666667	73.5	22.5	6.875
"29/11/2003"	0.0458333333	10	7.2083333333	29.9583333333	40.7083333333	35.8333333333	3.4545454545	"29/11/2008"	0.275	29.9583333333	52.5833333333	49.5833333333	129.9166666667	7.4166666667	4.875
"29/12/2003"	0.275	23.5	"NA"	"NA"	"NA"	17.5833333333	8.4583333333	"29/12/2008"	0.1166666667	26.1666666667	10.375	33.9583333333	49.75	39.6666666667	1.9583333333
"30/01/2003"	"NA"	14.4782608696	2.875	10	13.6666666667	75.4166666667	2.625	"30/01/2008"	0.1541666667	11.125	7.2083333333	27	37.9166666667	48.4166666667	3.5833333333
"30/03/2003"	0.2958333333	17	4.2083333333	20.5416666667	26.7916666667	71.4166666667	1.875	"30/03/2008"	0.1166666667	7.6666666667	5.4166666667	16.2916666667	24.4166666667	85.5	3.7916666667
"30/04/2003"	0.6227272727	10.75	10.1904761905	43.3333333333	58.6666666667	66.6086956522	5.5714285714	"30/04/2008"	0.1833333333	14.1304347826	6.4782608696	31.3043478261	40.9130434783	90	4.2083333333
"30/05/2003"	0.2041666667	32.7916666667	8.8695652174	29.0434782609	42.1304347826	79.25	"NA"	"30/05/2008"	0.1208333333	23.3043478261	2	11.347826087	14.1739130435	114.8333333333	2.875
"30/06/2003"	0.1333333333	18.4583333333	5.7826086957	28.347826087	36.6956521739	81.4166666667	1.375	"30/06/2008"	0.175	17.375	10.0869565217	26.6956521739	41.7391304348	55.0833333333	3.2083333333
"30/07/2003"	0.075	24.5	7.125	12.7916666667	23.625	38.9166666667	3.5	"30/07/2008"	0.1166666667	21.6956521739	6.4782608696	17.9130434783	27.6086956522	86.75	3.1666666667
"30/08/2003"	0.1	17.7916666667	0.625	9.5833333333	10.6666666667	50.75	2	"30/08/2008"	0.1125	23.75	4	14.7391304348	20.7391304348	59.75	3.375
"30/09/2003"	0.0833333333	29.125	12.7083333333	33.5	52.6666666667	35	6.8333333333	"30/09/2008"	0.125	9.375	8.3913043478	32.7391304348	45.3913043478	42.4166666667	4.5416666667
"30/10/2003"	0.3857142857	27.3	52	44	122.9	11.3333333333	6.2380952381	"30/10/2008"	0.1791666667	12.3333333333	15.0416666667	43.8333333333	66.5	26.75	3.4583333333
"30/11/2003"	0.2916666667	18.75	26.5	36.875	77.2083333333	11.9166666667	5.0416666667	"30/11/2008"	0.1041666667	14.9166666667	4.125	25.5416666667	31.5416666667	42.6666666667	2.375
"30/12/2003"	1.05	42.0416666667	"NA"	"NA"	"NA"	5.3333333333	11.0833333333	"30/12/2008"	0.3125	49.5	27.5416666667	48.9583333333	90.9583333333	20.4166666667	10.2083333333
"31/01/2003"	"NA"	18.2173913043	11.2173913043	42.7826086957	59.5652173913	47.9130434783	5.652173913	"31/01/2008"	0.1916666667	8.4166666667	4.5	18.4166666667	25.1666666667	63.1666666667	3
"31/03/2003"	0.475	48.125	27.9583333333	56.1666666667	98.5833333333	39.5	24.4583333333	"31/03/2008"	0.25	17.5416666667	22.5416666667	32.625	66.7916666667	46.5	6.4583333333
"31/05/2003"	0.1166666667	33.375	5.6086956522	19.2173913043	27.5652173913	94.5833333333	"NA"	"31/05/2008"	0.1208333333	26.6666666667	2.2173913043	10.7826086957	13.7391304348	112.6666666667	2.875
"31/07/2003"	0.0913043478	25.0833333333	13.8333333333	30.6666666667	51.6666666667	38.5833333333	12.625	"31/07/2008"	0.1954545455	42.65	4.4761904762	31.1904761905	37.8571428571	80.6086956522	2.4347826087
"31/08/2003"	0.1083333333	14.5833333333	1.0416666667	16.4166666667	17.8333333333	42.1666666667	2.7916666667	"31/08/2008"	0.225	46.6666666667	3.5217391304	26.2608695652	31.4782608696	48.8333333333	5.7916666667
"31/10/2003"	0.025	20.8333333333	6.5	22.3333333333	31.7916666667	50.5	2.0833333333	"31/10/2008"	0.2208333333	9	5.9166666667	33.1666666667	42.25	47.9166666667	2.375
"31/12/2003"	0.4958333333	16.4583333333	"NA"	"NA"	"NA"	18.1666666667	6.6666666667	"31/12/2008"	0.2291666667	55.625	35.5833333333	61.5416666667	115.8333333333	2.9166666667	23.7083333333
